<keymap version="1" name="Default copy" parent="$default">
  <action id="$SelectAll" />
  <action id="ActivateLogcatToolWindow">
    <keyboard-shortcut first-keystroke="alt 6" />
  </action>
  <action id="ActivateTODOToolWindow" />
  <action id="Arrangement.Alias.Rule.Edit" />
  <action id="Arrangement.Rule.Edit" />
  <action id="CIDR.Lang.SwitchHeaderSource" />
  <action id="ClassNameCompletion">
    <keyboard-shortcut first-keystroke="alt slash" />
  </action>
  <action id="CloseAllEditorsButActive">
    <keyboard-shortcut first-keystroke="ctrl w" />
  </action>
  <action id="CommentByBlockComment">
    <keyboard-shortcut first-keystroke="f4" />
  </action>
  <action id="CommentByLineComment">
    <keyboard-shortcut first-keystroke="f3" />
  </action>
  <action id="ContextHelp" />
  <action id="CopyElement" />
  <action id="Debugger.EditCustomField" />
  <action id="EditSource" />
  <action id="EditorCreateRectangularSelectionOnMouseDrag">
    <mouse-shortcut keystroke="button2" />
  </action>
  <action id="EditorSelectWord" />
  <action id="FileChooser.NewFolder">
    <keyboard-shortcut first-keystroke="alt insert" />
  </action>
  <action id="FileStructurePopup">
    <keyboard-shortcut first-keystroke="f12" />
  </action>
  <action id="FindNext" />
  <action id="FindUsages" />
  <action id="Generate">
    <keyboard-shortcut first-keystroke="f5" />
  </action>
  <action id="GotoChangedFile" />
  <action id="GotoClass" />
  <action id="GotoNextError">
    <keyboard-shortcut first-keystroke="f1" />
  </action>
  <action id="GotoPreviousError" />
  <action id="HippieCompletion" />
  <action id="Inline" />
  <action id="InsertLiveTemplate">
    <keyboard-shortcut first-keystroke="ctrl j" />
    <keyboard-shortcut first-keystroke="ctrl t" />
  </action>
  <action id="JumpToLastWindow" />
  <action id="KDo-cer-format-menu-add">
    <keyboard-shortcut first-keystroke="alt x" />
  </action>
  <action id="Kotlin.NewFile">
    <keyboard-shortcut first-keystroke="ctrl alt n" />
  </action>
  <action id="Move" />
  <action id="NewElementInMenuGroup">
    <keyboard-shortcut first-keystroke="ctrl n" />
  </action>
  <action id="OpenModuleSettings" />
  <action id="OverrideMethods">
    <keyboard-shortcut first-keystroke="f2" />
  </action>
  <action id="QuickEvaluateExpression">
    <keyboard-shortcut first-keystroke="ctrl alt f8" />
  </action>
  <action id="QuickImplementations">
    <keyboard-shortcut first-keystroke="shift ctrl i" />
    <keyboard-shortcut first-keystroke="shift ctrl x" />
  </action>
  <action id="ReformatCode">
    <keyboard-shortcut first-keystroke="f6" />
  </action>
  <action id="ReplaceInPath">
    <keyboard-shortcut first-keystroke="ctrl alt r" />
  </action>
  <action id="Resume" />
  <action id="ServiceView.GroupByContributor" />
  <action id="ShowErrorDescription" />
  <action id="StepOver" />
  <action id="SurroundWithLiveTemplate">
    <keyboard-shortcut first-keystroke="alt t" />
  </action>
  <action id="ToggleBookmark" />
  <action id="ToggleFullScreen">
    <keyboard-shortcut first-keystroke="f11" />
  </action>
  <action id="TypeHierarchy">
    <keyboard-shortcut first-keystroke="f9" />
  </action>
  <action id="UpdateRunningApplication" />
  <action id="Vcs.Log.FocusTextFilter" />
  <action id="Vcs.UpdateProject" />
  <action id="XDebugger.EditWatch" />
  <action id="XDebugger.JumpToSource" />
  <action id="XDebugger.SetValue" />
  <action id="android.deploy.ApplyChanges">
    <keyboard-shortcut first-keystroke="ctrl f10" />
  </action>
  <action id="android.deploy.CodeSwap">
    <keyboard-shortcut first-keystroke="ctrl alt f10" />
  </action>
  <action id="template.create.XMLLayout XML File">
    <keyboard-shortcut first-keystroke="ctrl l" />
  </action>
</keymap>