<application>
  <component name="com.intellij.ide.ui.customization.CustomActionsSchema">
    <group value="Tool_External Tools_Show Byte Code" is_action="true" action_type="1" position="0">
      <path value="root" />
      <path value="Main menu" />
      <path value="Tools" />
      <path value="External Tools" />
      <path value="External Tools" />
      <option name="myInitialPosition" value="-1" />
    </group>
    <group value="Tool_External Tools_Show Byte Code" is_action="true" action_type="1" position="0">
      <path value="root" />
      <path value="Navigation Bar Popup Menu" />
      <path value="External Tools" />
      <path value="External Tools" />
      <option name="myInitialPosition" value="-1" />
    </group>
  </component>
</application>