<application>
  <component name="NotificationConfiguration">
    <notification groupId="Android Gradle Upgrade Notification" displayType="NONE" shouldLog="false" />
    <notification groupId="Build sync orphan modules" displayType="NONE" shouldLog="false" />
    <notification groupId="Debugger messages" displayType="TOOL_WINDOW" />
    <notification groupId="Find in Path" displayType="TOOL_WINDOW" />
    <notification groupId="Find Problems" displayType="STICKY_BALLOON" />
    <notification groupId="Gradle Notification Group" displayType="NONE" shouldLog="false" />
    <notification groupId="IDE and Plugin Updates" displayType="NONE" />
    <notification groupId="Kotlin plugin updates" displayType="NONE" shouldLog="false" />
  </component>
</application>