<application>
  <component name="UpdatesConfigurable">
    <enabledExternalComponentSources>
      <item value="Android SDK" />
    </enabledExternalComponentSources>
    <option name="externalUpdateChannels">
      <map>
        <entry key="Android SDK" value="Stable Channel" />
      </map>
    </option>
    <ignoredBuildNumbers>
      <item value="191.8026.42.35.5900203" />
      <item value="cmdline-tools;latest#2.1" />
      <item value="emulator#30.0.12" />
      <item value="extras;google;instantapps#1.9.0" />
      <item value="extras;google;usb_driver#12" />
      <item value="ndk-bundle#21.3.6528147" />
      <item value="platform-tools#30.0.3" />
      <item value="platforms;android-29#4" />
      <item value="skiaparser;1#2" />
      <item value="system-images;android-28;google_apis_playstore;x86#9" />
    </ignoredBuildNumbers>
    <knownExternalComponentSources>
      <item value="Android SDK" />
    </knownExternalComponentSources>
    <option name="LAST_BUILD_CHECKED" value="AI-193.6911.18.40.6514223" />
    <option name="LAST_TIME_CHECKED" value="1610762394359" />
    <pluginHosts>
      <item value="http://Android ButterKnife Injections" />
    </pluginHosts>
    <option name="THIRD_PARTY_PLUGINS_ALLOWED" value="true" />
  </component>
</application>