<application>
  <component name="ImportFilteringUsageViewSetting">
    <option name="SHOW_IMPORTS" value="false" />
  </component>
  <component name="ShowUsagesSettings">
    <option name="IS_FILTER_DUPLICATED_LINE" value="false" />
    <option name="GROUP_BY_FILE_STRUCTURE" value="true" />
  </component>
  <component name="UsageViewSettings">
    <option name="IS_AUTOSCROLL_TO_SOURCE" value="true" />
    <option name="PREVIEW_USAGES_SPLITTER_PROPORTIONS" value="0.21254355" />
  </component>
</application>