<application>
  <component name="VimEditorSettings">
    <editor />
  </component>
  <component name="VimKeySettings">
    <shortcut-conflicts>
      <shortcut-conflict owner="vim">
        <text>ctrl pressed C</text>
      </shortcut-conflict>
      <shortcut-conflict owner="vim">
        <text>ctrl pressed X</text>
      </shortcut-conflict>
      <shortcut-conflict owner="vim">
        <text>ctrl pressed V</text>
      </shortcut-conflict>
    </shortcut-conflicts>
  </component>
  <component name="VimMarksSettings">
    <globalmarks />
    <filemarks>
      <file name="$USER_HOME$/Desktop/jsb-link/frameworks/runtime-src/proj.android-studio/game/build.gradle" timestamp="1602476733862">
        <mark key="[" line="13" column="16" />
      </file>
      <file name="D:/project/android/opensudoku/app/src/main/java/org/moire/opensudoku/gui/SudokuPlayActivity.java" timestamp="1602476646179">
        <mark key="[" line="606" column="2" />
      </file>
      <file name="$USER_HOME$/Desktop/jsb-link/frameworks/runtime-src/proj.android-studio/gradle/wrapper/gradle-wrapper.properties" timestamp="1602475931566">
        <mark key="[" line="0" column="71" />
      </file>
      <file name="$USER_HOME$/Desktop/jsb-link/frameworks/runtime-src/proj.android-studio/build.gradle" timestamp="1602476447217">
        <mark key="[" line="38" column="15" />
      </file>
      <file name="D:/project/work/rj2048/app/build.gradle" timestamp="1602476773442">
        <mark key="[" line="71" column="17" />
      </file>
      <file name="$USER_HOME$/Desktop/jsb-link/frameworks/runtime-src/proj.android-studio/app/build.gradle" timestamp="1602475801392">
        <mark key="[" line="151" column="28" />
        <mark key="]" line="151" column="18" />
        <mark key="." line="151" column="18" />
      </file>
    </filemarks>
    <jumps />
  </component>
  <component name="VimRegisterSettings">
    <registers />
  </component>
  <component name="VimSearchSettings">
    <search>
      <last-dir>0</last-dir>
      <show-last>false</show-last>
    </search>
  </component>
  <component name="VimSettings">
    <state version="6" enabled="false" />
    <notifications>
      <idea-join enabled="false" />
      <idea-put enabled="false" />
    </notifications>
  </component>
</application>